First Name,Last Name,Company,Title,Email,Phone,State,Lead Source,Beverage Category Interest
James,Garcia,Riverside Beverage Distributors,Purchasing Manager,james.garcia@riversidebeveraged.com,(854) 314-1409,FL,Partner Referral,Juice
Maria,Smith,Coastal Drinks Wholesale,Purchasing Manager,maria.smith@coastaldrinkswhole.com,(428) 342-2679,GA,Web,Energy Drink
David,Johnson,Metro Retail Group,Purchasing Manager,david.johnson@metroretailgroup.com,(232) 230-2535,CA,Trade Show,Soda
Linda,Williams,Sunbelt Markets,Purchasing Manager,linda.williams@sunbeltmarkets.com,(774) 403-9928,TX,Trade Show,Energy Drink
Robert,Brown,Greenfield Grocers,Purchasing Manager,robert.brown@greenfieldgrocers.com,(803) 484-1106,PA,Trade Show,Energy Drink
Susan,Jones,Lakeside Supply Co,Purchasing Manager,susan.jones@lakesidesupplyco.com,(548) 484-3547,CA,Partner Referral,Soda
Michael,Miller,Pinecrest Distribution,Purchasing Manager,michael.miller@pinecrestdistribut.com,(294) 589-2584,OR,Partner Referral,Water
Patricia,Davis,Harbor Point Retail,Purchasing Manager,patricia.davis@harborpointretail.com,(244) 947-8527,IL,Web,Energy Drink
John,Rodriguez,Valley Fresh Markets,Purchasing Manager,john.rodriguez@valleyfreshmarkets.com,(280) 765-5803,MA,Partner Referral,Juice
Barbara,Martinez,Summit Wholesale Foods,Purchasing Manager,barbara.martinez@summitwholesalefoo.com,(921) 271-1750,GA,Trade Show,Water
William,Hernandez,Northgate Beverage Co,Purchasing Manager,william.hernandez@northgatebeveragec.com,(281) 438-2654,TX,Partner Referral,Energy Drink
Jennifer,Lopez,Cedar Ridge Retailers,Purchasing Manager,jennifer.lopez@cedarridgeretailer.com,(850) 573-3664,OR,Partner Referral,Juice
Richard,Wilson,Bayview Distribution,Purchasing Manager,richard.wilson@bayviewdistributio.com,(886) 473-2169,OH,Trade Show,Juice
Elizabeth,Anderson,Crossroads Supply,Purchasing Manager,elizabeth.anderson@crossroadssupply.com,(367) 673-7216,WA,Trade Show,Water
Joseph,Thomas,Maple Street Markets,Purchasing Manager,joseph.thomas@maplestreetmarkets.com,(986) 257-4752,MA,Web,Water
Karen,Taylor,Union Square Retail,Purchasing Manager,karen.taylor@unionsquareretail.com,(610) 474-2084,CA,Partner Referral,Juice
Thomas,Moore,Foothill Beverage Group,Purchasing Manager,thomas.moore@foothillbeveragegr.com,(871) 711-7482,CO,Cold Call List,Juice
Nancy,Jackson,Eastgate Wholesale,Purchasing Manager,nancy.jackson@eastgatewholesale.com,(471) 342-5040,FL,Partner Referral,Energy Drink
Charles,Martin,Crystal Springs Distributors,Purchasing Manager,charles.martin@crystalspringsdist.com,(797) 608-6930,CA,Trade Show,Energy Drink
Lisa,Lee,Liberty Market Co,Purchasing Manager,lisa.lee@libertymarketco.com,(293) 973-1771,MA,Web,Juice
Daniel,Perez,Westfield Retail Partners,Purchasing Manager,daniel.perez@westfieldretailpar.com,(842) 363-7916,OH,Web,Energy Drink
Margaret,Thompson,Oakwood Beverage Supply,Purchasing Manager,margaret.thompson@oakwoodbeveragesup.com,(590) 810-8668,IL,Partner Referral,Soda
Matthew,White,Silverlake Distribution,Purchasing Manager,matthew.white@silverlakedistribu.com,(896) 938-2876,GA,Partner Referral,Water
Sandra,Harris,Brighton Markets,Purchasing Manager,sandra.harris@brightonmarkets.com,(314) 500-8123,CT,Cold Call List,Soda
Anthony,Sanchez,Hilltop Wholesale Group,Purchasing Manager,anthony.sanchez@hilltopwholesalegr.com,(939) 936-5315,IL,Trade Show,Soda
Ashley,Clark,Riverbend Retailers,Purchasing Manager,ashley.clark@riverbendretailers.com,(840) 505-9317,OH,Trade Show,Juice
Mark,Ramirez,Stonegate Supply Co,Purchasing Manager,mark.ramirez@stonegatesupplyco.com,(582) 980-3646,IL,Web,Water
Kimberly,Lewis,Parkside Beverage Distributors,Purchasing Manager,kimberly.lewis@parksidebeveragedi.com,(700) 219-2832,CO,Partner Referral,Water
Paul,Robinson,Meadowbrook Markets,Purchasing Manager,paul.robinson@meadowbrookmarkets.com,(445) 259-4946,CO,Web,Soda
Emily,Walker,Anchor Point Wholesale,Purchasing Manager,emily.walker@anchorpointwholesa.com,(949) 697-2133,PA,Trade Show,Juice
Steven,Young,Redwood Distribution Co,Purchasing Manager,steven.young@redwooddistributio.com,(875) 686-3705,WA,Cold Call List,Juice
Donna,Allen,Lighthouse Retail Group,Purchasing Manager,donna.allen@lighthouseretailgr.com,(752) 973-4295,FL,Partner Referral,Energy Drink
Andrew,King,Granite Hills Supply,Purchasing Manager,andrew.king@granitehillssupply.com,(887) 865-7118,OK,Cold Call List,Soda
Michelle,Wright,Tidewater Beverage Co,Purchasing Manager,michelle.wright@tidewaterbeveragec.com,(453) 430-2049,OR,Web,Juice
Kenneth,Scott,Cascade Wholesale Foods,Purchasing Manager,kenneth.scott@cascadewholesalefo.com,(802) 425-1117,NJ,Web,Juice
Carol,Torres,Fairview Markets,Purchasing Manager,carol.torres@fairviewmarkets.com,(269) 232-6413,NJ,Trade Show,Water
George,Nguyen,Northstar Distribution,Purchasing Manager,george.nguyen@northstardistribut.com,(885) 697-4510,IL,Trade Show,Energy Drink
Amanda,Hill,Pioneer Retail Partners,Purchasing Manager,amanda.hill@pioneerretailpartn.com,(448) 684-7669,CA,Web,Soda
Joshua,Flores,Glenwood Beverage Supply,Purchasing Manager,joshua.flores@glenwoodbeveragesu.com,(874) 641-6804,TX,Cold Call List,Energy Drink
Melissa,Green,Edgewater Markets,Purchasing Manager,melissa.green@edgewatermarkets.com,(946) 255-2612,NY,Cold Call List,Water
Kevin,Adams,Copper Creek Wholesale,Purchasing Manager,kevin.adams@coppercreekwholesa.com,(311) 454-4139,CA,Cold Call List,Juice
Deborah,Nelson,Heritage Distribution Co,Purchasing Manager,deborah.nelson@heritagedistributi.com,(632) 387-5563,OK,Trade Show,Soda
Brian,Baker,Lakeshore Retail Group,Purchasing Manager,brian.baker@lakeshoreretailgro.com,(653) 763-2604,NY,Web,Soda
Stephanie,Hall,Ironwood Supply,Purchasing Manager,stephanie.hall@ironwoodsupply.com,(971) 442-3724,TX,Cold Call List,Energy Drink
Edward,Rivera,Brookfield Beverage Co,Purchasing Manager,edward.rivera@brookfieldbeverage.com,(418) 610-1960,CT,Cold Call List,Soda
Rebecca,Campbell,Saddleback Wholesale,Purchasing Manager,rebecca.campbell@saddlebackwholesal.com,(599) 471-8454,WA,Cold Call List,Energy Drink
Ronald,Mitchell,Westport Markets,Purchasing Manager,ronald.mitchell@westportmarkets.com,(358) 394-5861,CA,Web,Soda
Sharon,Carter,Quail Run Distributors,Purchasing Manager,sharon.carter@quailrundistributo.com,(965) 521-1936,NY,Cold Call List,Juice
Timothy,Roberts,Timberline Retail Group,Purchasing Manager,timothy.roberts@timberlineretailgr.com,(258) 720-2312,MA,Trade Show,Soda
Laura,Gomez,Ashford Beverage Supply,Purchasing Manager,laura.gomez@ashfordbeveragesup.com,(809) 269-4853,TX,Web,Juice
